Product Id,Product Handle,Product Title,Product Subtitle,Product Description,Product Status,Product Thumbnail,Product Weight,Product Length,Product Width,Product Height,Product Origin Country,Product Material,Product Collection Id,Product Type Id,Product Discountable,Product External Id,Product Created At,Product Deleted At,Product Hs Code,Product Image 1,Product Image 2,Product Image 3,Product Image 4,Product Is Giftcard,Product Mid Code,Product Sales Channel 1,Product Updated At,Variant Id,Variant Title,Variant Sku,Variant Upc,Variant Ean,Variant Hs Code,Variant Mid Code,Variant Manage Inventory,Variant Allow Backorder,Variant Barcode,Variant Created At,Variant Deleted At,Variant Height,Variant Length,Variant Material,Variant Metadata,Variant Option 1 Name,Variant Option 1 Value,Variant Option 2 Name,Variant Option 2 Value,Variant Origin Country,Variant Price India Region [INR],Variant Price INR,Variant Product Id,Variant Updated At,Variant Variant Rank,Variant Weight,Variant Width
prod_01K2MGK1FA9414P53FH54HZ8FF,shirt-1,Shirt #1,,This is a test product for testing purposes only and is not recommended for purchase.,published,http://localhost:9000/static/1755182630340-Mens%20clothing.jpeg,,,,,,,pcol_01K2MEJ0P36RS9K2QZGNZESMXF,,true,,2025-08-14T14:43:50.382Z,,,http://localhost:9000/static/1755182630340-Mens%20clothing.jpeg,http://localhost:9000/static/1755182630342-branded%20men's%20shirts_.jpeg,,,false,,sc_01K2D1RWPJVCSF6Z940Q9DF5SM,2025-08-14T14:43:50.382Z,variant_01K2MGK1KF30SBJCYM8ZJZD38G,Blue / M,,,,,,true,false,,2025-08-14T14:43:50.514Z,,,,,,Color,Blue,Size,M,,899,232,prod_01K2MGK1FA9414P53FH54HZ8FF,2025-08-14T14:43:50.514Z,0,,
prod_01K2MGK1FA9414P53FH54HZ8FF,shirt-1,Shirt #1,,This is a test product for testing purposes only and is not recommended for purchase.,published,http://localhost:9000/static/1755182630340-Mens%20clothing.jpeg,,,,,,,pcol_01K2MEJ0P36RS9K2QZGNZESMXF,,true,,2025-08-14T14:43:50.382Z,,,http://localhost:9000/static/1755182630340-Mens%20clothing.jpeg,http://localhost:9000/static/1755182630342-branded%20men's%20shirts_.jpeg,,,false,,sc_01K2D1RWPJVCSF6Z940Q9DF5SM,2025-08-14T14:43:50.382Z,variant_01K2MGK1KFARVR1FRFT9A2T6D9,Maroon / M,,,,,,true,false,,2025-08-14T14:43:50.514Z,,,,,,Color,Maroon,Size,M,,899,232,prod_01K2MGK1FA9414P53FH54HZ8FF,2025-08-14T14:43:50.514Z,1,,
prod_01K2MGK1FA9414P53FH54HZ8FF,shirt-1,Shirt #1,,This is a test product for testing purposes only and is not recommended for purchase.,published,http://localhost:9000/static/1755182630340-Mens%20clothing.jpeg,,,,,,,pcol_01K2MEJ0P36RS9K2QZGNZESMXF,,true,,2025-08-14T14:43:50.382Z,,,http://localhost:9000/static/1755182630340-Mens%20clothing.jpeg,http://localhost:9000/static/1755182630342-branded%20men's%20shirts_.jpeg,,,false,,sc_01K2D1RWPJVCSF6Z940Q9DF5SM,2025-08-14T14:43:50.382Z,variant_01K2MGK1KGBMR0VEG73CNMHXQ8,Blue / L,,,,,,true,false,,2025-08-14T14:43:50.514Z,,,,,,Color,Blue,Size,L,,899,232,prod_01K2MGK1FA9414P53FH54HZ8FF,2025-08-14T14:43:50.514Z,2,,
prod_01K2MGK1FA9414P53FH54HZ8FF,shirt-1,Shirt #1,,This is a test product for testing purposes only and is not recommended for purchase.,published,http://localhost:9000/static/1755182630340-Mens%20clothing.jpeg,,,,,,,pcol_01K2MEJ0P36RS9K2QZGNZESMXF,,true,,2025-08-14T14:43:50.382Z,,,http://localhost:9000/static/1755182630340-Mens%20clothing.jpeg,http://localhost:9000/static/1755182630342-branded%20men's%20shirts_.jpeg,,,false,,sc_01K2D1RWPJVCSF6Z940Q9DF5SM,2025-08-14T14:43:50.382Z,variant_01K2MGK1KH9KN9XTHEHR4SRBB9,Maroon / L,,,,,,true,false,,2025-08-14T14:43:50.514Z,,,,,,Color,Maroon,Size,L,,899,232,prod_01K2MGK1FA9414P53FH54HZ8FF,2025-08-14T14:43:50.514Z,3,,
prod_01K2MGK1FA9414P53FH54HZ8FF,shirt-1,Shirt #1,,This is a test product for testing purposes only and is not recommended for purchase.,published,http://localhost:9000/static/1755182630340-Mens%20clothing.jpeg,,,,,,,pcol_01K2MEJ0P36RS9K2QZGNZESMXF,,true,,2025-08-14T14:43:50.382Z,,,http://localhost:9000/static/1755182630340-Mens%20clothing.jpeg,http://localhost:9000/static/1755182630342-branded%20men's%20shirts_.jpeg,,,false,,sc_01K2D1RWPJVCSF6Z940Q9DF5SM,2025-08-14T14:43:50.382Z,variant_01K2MGK1KH7R772KB931T9ST45,Blue / XL,,,,,,true,false,,2025-08-14T14:43:50.514Z,,,,,,Color,Blue,Size,XL,,899,232,prod_01K2MGK1FA9414P53FH54HZ8FF,2025-08-14T14:43:50.514Z,4,,
prod_01K2MGK1FA9414P53FH54HZ8FF,shirt-1,Shirt #1,,This is a test product for testing purposes only and is not recommended for purchase.,published,http://localhost:9000/static/1755182630340-Mens%20clothing.jpeg,,,,,,,pcol_01K2MEJ0P36RS9K2QZGNZESMXF,,true,,2025-08-14T14:43:50.382Z,,,http://localhost:9000/static/1755182630340-Mens%20clothing.jpeg,http://localhost:9000/static/1755182630342-branded%20men's%20shirts_.jpeg,,,false,,sc_01K2D1RWPJVCSF6Z940Q9DF5SM,2025-08-14T14:43:50.382Z,variant_01K2MGK1KJ8PSR72FAAH133DXC,Maroon / XL,,,,,,true,false,,2025-08-14T14:43:50.514Z,,,,,,Color,Maroon,Size,XL,,899,232,prod_01K2MGK1FA9414P53FH54HZ8FF,2025-08-14T14:43:50.514Z,5,,
prod_01K2MGXHVC65CZDYBS4S6QGKHA,shirt-2,Shirt #2,,This is a test product for testing purposes only and is not recommended for purchase.,published,http://localhost:9000/static/1755182974806-download%20(2).jpeg,,,,,,,,,true,,2025-08-14T14:49:34.829Z,,,http://localhost:9000/static/1755182974806-download%20(2).jpeg,http://localhost:9000/static/1755182974806-download%20(1).jpeg,,,false,,sc_01K2D1RWPJVCSF6Z940Q9DF5SM,2025-08-14T14:49:34.829Z,variant_01K2MGXHWF349KA4HP923AZAHC,Black / M,,,,,,true,false,,2025-08-14T14:49:34.864Z,,,,,,Color,Black,Size,M,,690,350,prod_01K2MGXHVC65CZDYBS4S6QGKHA,2025-08-14T14:49:34.864Z,0,,
prod_01K2MGXHVC65CZDYBS4S6QGKHA,shirt-2,Shirt #2,,This is a test product for testing purposes only and is not recommended for purchase.,published,http://localhost:9000/static/1755182974806-download%20(2).jpeg,,,,,,,,,true,,2025-08-14T14:49:34.829Z,,,http://localhost:9000/static/1755182974806-download%20(2).jpeg,http://localhost:9000/static/1755182974806-download%20(1).jpeg,,,false,,sc_01K2D1RWPJVCSF6Z940Q9DF5SM,2025-08-14T14:49:34.829Z,variant_01K2MGXHWFFQYGJASQMHV6XJDW,Blue / M,,,,,,true,false,,2025-08-14T14:49:34.864Z,,,,,,Color,Blue,Size,M,,690,350,prod_01K2MGXHVC65CZDYBS4S6QGKHA,2025-08-14T14:49:34.864Z,1,,
prod_01K2MGXHVC65CZDYBS4S6QGKHA,shirt-2,Shirt #2,,This is a test product for testing purposes only and is not recommended for purchase.,published,http://localhost:9000/static/1755182974806-download%20(2).jpeg,,,,,,,,,true,,2025-08-14T14:49:34.829Z,,,http://localhost:9000/static/1755182974806-download%20(2).jpeg,http://localhost:9000/static/1755182974806-download%20(1).jpeg,,,false,,sc_01K2D1RWPJVCSF6Z940Q9DF5SM,2025-08-14T14:49:34.829Z,variant_01K2MGXHWG5DKWVPNVJBR6QA9K,Black / L,,,,,,true,false,,2025-08-14T14:49:34.864Z,,,,,,Color,Black,Size,L,,690,350,prod_01K2MGXHVC65CZDYBS4S6QGKHA,2025-08-14T14:49:34.864Z,2,,
prod_01K2MGXHVC65CZDYBS4S6QGKHA,shirt-2,Shirt #2,,This is a test product for testing purposes only and is not recommended for purchase.,published,http://localhost:9000/static/1755182974806-download%20(2).jpeg,,,,,,,,,true,,2025-08-14T14:49:34.829Z,,,http://localhost:9000/static/1755182974806-download%20(2).jpeg,http://localhost:9000/static/1755182974806-download%20(1).jpeg,,,false,,sc_01K2D1RWPJVCSF6Z940Q9DF5SM,2025-08-14T14:49:34.829Z,variant_01K2MGXHWGVNB2ASVQZVWY3BVN,Blue / L,,,,,,true,false,,2025-08-14T14:49:34.864Z,,,,,,Color,Blue,Size,L,,690,350,prod_01K2MGXHVC65CZDYBS4S6QGKHA,2025-08-14T14:49:34.864Z,3,,
prod_01K2MGXHVC65CZDYBS4S6QGKHA,shirt-2,Shirt #2,,This is a test product for testing purposes only and is not recommended for purchase.,published,http://localhost:9000/static/1755182974806-download%20(2).jpeg,,,,,,,,,true,,2025-08-14T14:49:34.829Z,,,http://localhost:9000/static/1755182974806-download%20(2).jpeg,http://localhost:9000/static/1755182974806-download%20(1).jpeg,,,false,,sc_01K2D1RWPJVCSF6Z940Q9DF5SM,2025-08-14T14:49:34.829Z,variant_01K2MGXHWGTTWZ38TG07AAW9NZ,Black / XL,,,,,,true,false,,2025-08-14T14:49:34.864Z,,,,,,Color,Black,Size,XL,,690,350,prod_01K2MGXHVC65CZDYBS4S6QGKHA,2025-08-14T14:49:34.864Z,4,,
prod_01K2MGXHVC65CZDYBS4S6QGKHA,shirt-2,Shirt #2,,This is a test product for testing purposes only and is not recommended for purchase.,published,http://localhost:9000/static/1755182974806-download%20(2).jpeg,,,,,,,,,true,,2025-08-14T14:49:34.829Z,,,http://localhost:9000/static/1755182974806-download%20(2).jpeg,http://localhost:9000/static/1755182974806-download%20(1).jpeg,,,false,,sc_01K2D1RWPJVCSF6Z940Q9DF5SM,2025-08-14T14:49:34.829Z,variant_01K2MGXHWGY9G3ERN67XHC2MFQ,Blue / XL,,,,,,true,false,,2025-08-14T14:49:34.864Z,,,,,,Color,Blue,Size,XL,,690,350,prod_01K2MGXHVC65CZDYBS4S6QGKHA,2025-08-14T14:49:34.864Z,5,,
prod_01K2MH3C2TCN0G9PPQ5VRS27QD,t-shirt-1,T-Shirt #1,,This is a test product for testing purposes only and is not recommended for purchase.,published,http://localhost:9000/static/1755183165499-Red%20T-shirt%20Mockup.jpeg,,,,,,,,,true,,2025-08-14T14:52:45.532Z,,,"http://localhost:9000/static/1755183165504-Abbigliamento%20Donna%20&%20Uomo,%20Compra%20Moda%20Online.jpeg",http://localhost:9000/static/1755183165505-starter.jpeg,http://localhost:9000/static/1755183165504-download%20(3).jpeg,,false,,sc_01K2D1RWPJVCSF6Z940Q9DF5SM,2025-08-14T14:52:45.532Z,variant_01K2MH3C3ZGM6WFZCBV1NJ00CZ,Red / S,,,,,,true,false,,2025-08-14T14:52:45.570Z,,,,,,Color,Red,Size,S,,599,259,prod_01K2MH3C2TCN0G9PPQ5VRS27QD,2025-08-14T14:52:45.570Z,0,,
prod_01K2MH3C2TCN0G9PPQ5VRS27QD,t-shirt-1,T-Shirt #1,,This is a test product for testing purposes only and is not recommended for purchase.,published,http://localhost:9000/static/1755183165499-Red%20T-shirt%20Mockup.jpeg,,,,,,,,,true,,2025-08-14T14:52:45.532Z,,,"http://localhost:9000/static/1755183165504-Abbigliamento%20Donna%20&%20Uomo,%20Compra%20Moda%20Online.jpeg",http://localhost:9000/static/1755183165505-starter.jpeg,http://localhost:9000/static/1755183165504-download%20(3).jpeg,,false,,sc_01K2D1RWPJVCSF6Z940Q9DF5SM,2025-08-14T14:52:45.532Z,variant_01K2MH3C3Z9C5KY4V1F0YASKHK,Green / S,,,,,,true,false,,2025-08-14T14:52:45.570Z,,,,,,Color,Green,Size,S,,599,259,prod_01K2MH3C2TCN0G9PPQ5VRS27QD,2025-08-14T14:52:45.570Z,1,,
prod_01K2MH3C2TCN0G9PPQ5VRS27QD,t-shirt-1,T-Shirt #1,,This is a test product for testing purposes only and is not recommended for purchase.,published,http://localhost:9000/static/1755183165499-Red%20T-shirt%20Mockup.jpeg,,,,,,,,,true,,2025-08-14T14:52:45.532Z,,,"http://localhost:9000/static/1755183165504-Abbigliamento%20Donna%20&%20Uomo,%20Compra%20Moda%20Online.jpeg",http://localhost:9000/static/1755183165505-starter.jpeg,http://localhost:9000/static/1755183165504-download%20(3).jpeg,,false,,sc_01K2D1RWPJVCSF6Z940Q9DF5SM,2025-08-14T14:52:45.532Z,variant_01K2MH3C3ZTXZJ34K7TX5JYKYE,Black / S,,,,,,true,false,,2025-08-14T14:52:45.570Z,,,,,,Color,Black,Size,S,,599,259,prod_01K2MH3C2TCN0G9PPQ5VRS27QD,2025-08-14T14:52:45.570Z,2,,
prod_01K2MH3C2TCN0G9PPQ5VRS27QD,t-shirt-1,T-Shirt #1,,This is a test product for testing purposes only and is not recommended for purchase.,published,http://localhost:9000/static/1755183165499-Red%20T-shirt%20Mockup.jpeg,,,,,,,,,true,,2025-08-14T14:52:45.532Z,,,"http://localhost:9000/static/1755183165504-Abbigliamento%20Donna%20&%20Uomo,%20Compra%20Moda%20Online.jpeg",http://localhost:9000/static/1755183165505-starter.jpeg,http://localhost:9000/static/1755183165504-download%20(3).jpeg,,false,,sc_01K2D1RWPJVCSF6Z940Q9DF5SM,2025-08-14T14:52:45.532Z,variant_01K2MH3C3Z15D8C2NRR5PCF6HA,White / S,,,,,,true,false,,2025-08-14T14:52:45.570Z,,,,,,Color,White,Size,S,,599,259,prod_01K2MH3C2TCN0G9PPQ5VRS27QD,2025-08-14T14:52:45.570Z,3,,
prod_01K2MH3C2TCN0G9PPQ5VRS27QD,t-shirt-1,T-Shirt #1,,This is a test product for testing purposes only and is not recommended for purchase.,published,http://localhost:9000/static/1755183165499-Red%20T-shirt%20Mockup.jpeg,,,,,,,,,true,,2025-08-14T14:52:45.532Z,,,"http://localhost:9000/static/1755183165504-Abbigliamento%20Donna%20&%20Uomo,%20Compra%20Moda%20Online.jpeg",http://localhost:9000/static/1755183165505-starter.jpeg,http://localhost:9000/static/1755183165504-download%20(3).jpeg,,false,,sc_01K2D1RWPJVCSF6Z940Q9DF5SM,2025-08-14T14:52:45.532Z,variant_01K2MH3C408RJJCHAB85CG3R6H,Red / M,,,,,,true,false,,2025-08-14T14:52:45.570Z,,,,,,Color,Red,Size,M,,599,259,prod_01K2MH3C2TCN0G9PPQ5VRS27QD,2025-08-14T14:52:45.570Z,4,,
prod_01K2MH3C2TCN0G9PPQ5VRS27QD,t-shirt-1,T-Shirt #1,,This is a test product for testing purposes only and is not recommended for purchase.,published,http://localhost:9000/static/1755183165499-Red%20T-shirt%20Mockup.jpeg,,,,,,,,,true,,2025-08-14T14:52:45.532Z,,,"http://localhost:9000/static/1755183165504-Abbigliamento%20Donna%20&%20Uomo,%20Compra%20Moda%20Online.jpeg",http://localhost:9000/static/1755183165505-starter.jpeg,http://localhost:9000/static/1755183165504-download%20(3).jpeg,,false,,sc_01K2D1RWPJVCSF6Z940Q9DF5SM,2025-08-14T14:52:45.532Z,variant_01K2MH3C40NXAJKG0ZG4YC3QKR,Green / M,,,,,,true,false,,2025-08-14T14:52:45.570Z,,,,,,Color,Green,Size,M,,599,259,prod_01K2MH3C2TCN0G9PPQ5VRS27QD,2025-08-14T14:52:45.570Z,5,,
prod_01K2MH3C2TCN0G9PPQ5VRS27QD,t-shirt-1,T-Shirt #1,,This is a test product for testing purposes only and is not recommended for purchase.,published,http://localhost:9000/static/1755183165499-Red%20T-shirt%20Mockup.jpeg,,,,,,,,,true,,2025-08-14T14:52:45.532Z,,,"http://localhost:9000/static/1755183165504-Abbigliamento%20Donna%20&%20Uomo,%20Compra%20Moda%20Online.jpeg",http://localhost:9000/static/1755183165505-starter.jpeg,http://localhost:9000/static/1755183165504-download%20(3).jpeg,,false,,sc_01K2D1RWPJVCSF6Z940Q9DF5SM,2025-08-14T14:52:45.532Z,variant_01K2MH3C40BCEXM106ZSJM6VN8,Black / M,,,,,,true,false,,2025-08-14T14:52:45.570Z,,,,,,Color,Black,Size,M,,599,259,prod_01K2MH3C2TCN0G9PPQ5VRS27QD,2025-08-14T14:52:45.570Z,6,,
prod_01K2MH3C2TCN0G9PPQ5VRS27QD,t-shirt-1,T-Shirt #1,,This is a test product for testing purposes only and is not recommended for purchase.,published,http://localhost:9000/static/1755183165499-Red%20T-shirt%20Mockup.jpeg,,,,,,,,,true,,2025-08-14T14:52:45.532Z,,,"http://localhost:9000/static/1755183165504-Abbigliamento%20Donna%20&%20Uomo,%20Compra%20Moda%20Online.jpeg",http://localhost:9000/static/1755183165505-starter.jpeg,http://localhost:9000/static/1755183165504-download%20(3).jpeg,,false,,sc_01K2D1RWPJVCSF6Z940Q9DF5SM,2025-08-14T14:52:45.532Z,variant_01K2MH3C401DPNKV6T2ZN6WXY5,White / M,,,,,,true,false,,2025-08-14T14:52:45.570Z,,,,,,Color,White,Size,M,,599,259,prod_01K2MH3C2TCN0G9PPQ5VRS27QD,2025-08-14T14:52:45.570Z,7,,
prod_01K2MH3C2TCN0G9PPQ5VRS27QD,t-shirt-1,T-Shirt #1,,This is a test product for testing purposes only and is not recommended for purchase.,published,http://localhost:9000/static/1755183165499-Red%20T-shirt%20Mockup.jpeg,,,,,,,,,true,,2025-08-14T14:52:45.532Z,,,"http://localhost:9000/static/1755183165504-Abbigliamento%20Donna%20&%20Uomo,%20Compra%20Moda%20Online.jpeg",http://localhost:9000/static/1755183165505-starter.jpeg,http://localhost:9000/static/1755183165504-download%20(3).jpeg,,false,,sc_01K2D1RWPJVCSF6Z940Q9DF5SM,2025-08-14T14:52:45.532Z,variant_01K2MH3C40RKKBH9FEMSC6Q9Q1,Red / L,,,,,,true,false,,2025-08-14T14:52:45.570Z,,,,,,Color,Red,Size,L,,599,259,prod_01K2MH3C2TCN0G9PPQ5VRS27QD,2025-08-14T14:52:45.570Z,8,,
prod_01K2MH3C2TCN0G9PPQ5VRS27QD,t-shirt-1,T-Shirt #1,,This is a test product for testing purposes only and is not recommended for purchase.,published,http://localhost:9000/static/1755183165499-Red%20T-shirt%20Mockup.jpeg,,,,,,,,,true,,2025-08-14T14:52:45.532Z,,,"http://localhost:9000/static/1755183165504-Abbigliamento%20Donna%20&%20Uomo,%20Compra%20Moda%20Online.jpeg",http://localhost:9000/static/1755183165505-starter.jpeg,http://localhost:9000/static/1755183165504-download%20(3).jpeg,,false,,sc_01K2D1RWPJVCSF6Z940Q9DF5SM,2025-08-14T14:52:45.532Z,variant_01K2MH3C40BXEKP0BMN96BEZXM,Green / L,,,,,,true,false,,2025-08-14T14:52:45.570Z,,,,,,Color,Green,Size,L,,599,259,prod_01K2MH3C2TCN0G9PPQ5VRS27QD,2025-08-14T14:52:45.570Z,9,,
prod_01K2MH3C2TCN0G9PPQ5VRS27QD,t-shirt-1,T-Shirt #1,,This is a test product for testing purposes only and is not recommended for purchase.,published,http://localhost:9000/static/1755183165499-Red%20T-shirt%20Mockup.jpeg,,,,,,,,,true,,2025-08-14T14:52:45.532Z,,,"http://localhost:9000/static/1755183165504-Abbigliamento%20Donna%20&%20Uomo,%20Compra%20Moda%20Online.jpeg",http://localhost:9000/static/1755183165505-starter.jpeg,http://localhost:9000/static/1755183165504-download%20(3).jpeg,,false,,sc_01K2D1RWPJVCSF6Z940Q9DF5SM,2025-08-14T14:52:45.532Z,variant_01K2MH3C40Q1H9JZN7EP53SM0E,Black / L,,,,,,true,false,,2025-08-14T14:52:45.570Z,,,,,,Color,Black,Size,L,,599,259,prod_01K2MH3C2TCN0G9PPQ5VRS27QD,2025-08-14T14:52:45.570Z,10,,
prod_01K2MH3C2TCN0G9PPQ5VRS27QD,t-shirt-1,T-Shirt #1,,This is a test product for testing purposes only and is not recommended for purchase.,published,http://localhost:9000/static/1755183165499-Red%20T-shirt%20Mockup.jpeg,,,,,,,,,true,,2025-08-14T14:52:45.532Z,,,"http://localhost:9000/static/1755183165504-Abbigliamento%20Donna%20&%20Uomo,%20Compra%20Moda%20Online.jpeg",http://localhost:9000/static/1755183165505-starter.jpeg,http://localhost:9000/static/1755183165504-download%20(3).jpeg,,false,,sc_01K2D1RWPJVCSF6Z940Q9DF5SM,2025-08-14T14:52:45.532Z,variant_01K2MH3C41783730EXAG4BJR0N,White / L,,,,,,true,false,,2025-08-14T14:52:45.570Z,,,,,,Color,White,Size,L,,599,259,prod_01K2MH3C2TCN0G9PPQ5VRS27QD,2025-08-14T14:52:45.570Z,11,,
prod_01K2MH3C2TCN0G9PPQ5VRS27QD,t-shirt-1,T-Shirt #1,,This is a test product for testing purposes only and is not recommended for purchase.,published,http://localhost:9000/static/1755183165499-Red%20T-shirt%20Mockup.jpeg,,,,,,,,,true,,2025-08-14T14:52:45.532Z,,,"http://localhost:9000/static/1755183165504-Abbigliamento%20Donna%20&%20Uomo,%20Compra%20Moda%20Online.jpeg",http://localhost:9000/static/1755183165505-starter.jpeg,http://localhost:9000/static/1755183165504-download%20(3).jpeg,,false,,sc_01K2D1RWPJVCSF6Z940Q9DF5SM,2025-08-14T14:52:45.532Z,variant_01K2MH3C41ZJAQS58VPNF7W65J,Red / XL,,,,,,true,false,,2025-08-14T14:52:45.570Z,,,,,,Color,Red,Size,XL,,599,259,prod_01K2MH3C2TCN0G9PPQ5VRS27QD,2025-08-14T14:52:45.570Z,12,,
prod_01K2MH3C2TCN0G9PPQ5VRS27QD,t-shirt-1,T-Shirt #1,,This is a test product for testing purposes only and is not recommended for purchase.,published,http://localhost:9000/static/1755183165499-Red%20T-shirt%20Mockup.jpeg,,,,,,,,,true,,2025-08-14T14:52:45.532Z,,,"http://localhost:9000/static/1755183165504-Abbigliamento%20Donna%20&%20Uomo,%20Compra%20Moda%20Online.jpeg",http://localhost:9000/static/1755183165505-starter.jpeg,http://localhost:9000/static/1755183165504-download%20(3).jpeg,,false,,sc_01K2D1RWPJVCSF6Z940Q9DF5SM,2025-08-14T14:52:45.532Z,variant_01K2MH3C4102B2VNQHCAERD4RX,Green / XL,,,,,,true,false,,2025-08-14T14:52:45.570Z,,,,,,Color,Green,Size,XL,,599,259,prod_01K2MH3C2TCN0G9PPQ5VRS27QD,2025-08-14T14:52:45.570Z,13,,
prod_01K2MH3C2TCN0G9PPQ5VRS27QD,t-shirt-1,T-Shirt #1,,This is a test product for testing purposes only and is not recommended for purchase.,published,http://localhost:9000/static/1755183165499-Red%20T-shirt%20Mockup.jpeg,,,,,,,,,true,,2025-08-14T14:52:45.532Z,,,"http://localhost:9000/static/1755183165504-Abbigliamento%20Donna%20&%20Uomo,%20Compra%20Moda%20Online.jpeg",http://localhost:9000/static/1755183165505-starter.jpeg,http://localhost:9000/static/1755183165504-download%20(3).jpeg,,false,,sc_01K2D1RWPJVCSF6Z940Q9DF5SM,2025-08-14T14:52:45.532Z,variant_01K2MH3C41QF7PJDVKTY78BWWD,Black / XL,,,,,,true,false,,2025-08-14T14:52:45.570Z,,,,,,Color,Black,Size,XL,,599,259,prod_01K2MH3C2TCN0G9PPQ5VRS27QD,2025-08-14T14:52:45.570Z,14,,
prod_01K2MH3C2TCN0G9PPQ5VRS27QD,t-shirt-1,T-Shirt #1,,This is a test product for testing purposes only and is not recommended for purchase.,published,http://localhost:9000/static/1755183165499-Red%20T-shirt%20Mockup.jpeg,,,,,,,,,true,,2025-08-14T14:52:45.532Z,,,"http://localhost:9000/static/1755183165504-Abbigliamento%20Donna%20&%20Uomo,%20Compra%20Moda%20Online.jpeg",http://localhost:9000/static/1755183165505-starter.jpeg,http://localhost:9000/static/1755183165504-download%20(3).jpeg,,false,,sc_01K2D1RWPJVCSF6Z940Q9DF5SM,2025-08-14T14:52:45.532Z,variant_01K2MH3C41ZPAPF463M1C12SNT,White / XL,,,,,,true,false,,2025-08-14T14:52:45.570Z,,,,,,Color,White,Size,XL,,599,259,prod_01K2MH3C2TCN0G9PPQ5VRS27QD,2025-08-14T14:52:45.570Z,15,,
prod_01K2MH3C2TCN0G9PPQ5VRS27QD,t-shirt-1,T-Shirt #1,,This is a test product for testing purposes only and is not recommended for purchase.,published,http://localhost:9000/static/1755183165499-Red%20T-shirt%20Mockup.jpeg,,,,,,,,,true,,2025-08-14T14:52:45.532Z,,,"http://localhost:9000/static/1755183165504-Abbigliamento%20Donna%20&%20Uomo,%20Compra%20Moda%20Online.jpeg",http://localhost:9000/static/1755183165505-starter.jpeg,http://localhost:9000/static/1755183165504-download%20(3).jpeg,,false,,sc_01K2D1RWPJVCSF6Z940Q9DF5SM,2025-08-14T14:52:45.532Z,variant_01K2MH3C413BSGCXPHT3F4TJS9,Red / XXL,,,,,,true,false,,2025-08-14T14:52:45.570Z,,,,,,Color,Red,Size,XXL,,599,259,prod_01K2MH3C2TCN0G9PPQ5VRS27QD,2025-08-14T14:52:45.570Z,16,,
prod_01K2MH3C2TCN0G9PPQ5VRS27QD,t-shirt-1,T-Shirt #1,,This is a test product for testing purposes only and is not recommended for purchase.,published,http://localhost:9000/static/1755183165499-Red%20T-shirt%20Mockup.jpeg,,,,,,,,,true,,2025-08-14T14:52:45.532Z,,,"http://localhost:9000/static/1755183165504-Abbigliamento%20Donna%20&%20Uomo,%20Compra%20Moda%20Online.jpeg",http://localhost:9000/static/1755183165505-starter.jpeg,http://localhost:9000/static/1755183165504-download%20(3).jpeg,,false,,sc_01K2D1RWPJVCSF6Z940Q9DF5SM,2025-08-14T14:52:45.532Z,variant_01K2MH3C41MX6AGTMNBTPRX9BY,Green / XXL,,,,,,true,false,,2025-08-14T14:52:45.570Z,,,,,,Color,Green,Size,XXL,,599,259,prod_01K2MH3C2TCN0G9PPQ5VRS27QD,2025-08-14T14:52:45.570Z,17,,
prod_01K2MH3C2TCN0G9PPQ5VRS27QD,t-shirt-1,T-Shirt #1,,This is a test product for testing purposes only and is not recommended for purchase.,published,http://localhost:9000/static/1755183165499-Red%20T-shirt%20Mockup.jpeg,,,,,,,,,true,,2025-08-14T14:52:45.532Z,,,"http://localhost:9000/static/1755183165504-Abbigliamento%20Donna%20&%20Uomo,%20Compra%20Moda%20Online.jpeg",http://localhost:9000/static/1755183165505-starter.jpeg,http://localhost:9000/static/1755183165504-download%20(3).jpeg,,false,,sc_01K2D1RWPJVCSF6Z940Q9DF5SM,2025-08-14T14:52:45.532Z,variant_01K2MH3C41CXPW5KZX8GFJWQ10,Black / XXL,,,,,,true,false,,2025-08-14T14:52:45.570Z,,,,,,Color,Black,Size,XXL,,599,259,prod_01K2MH3C2TCN0G9PPQ5VRS27QD,2025-08-14T14:52:45.570Z,18,,
prod_01K2MH3C2TCN0G9PPQ5VRS27QD,t-shirt-1,T-Shirt #1,,This is a test product for testing purposes only and is not recommended for purchase.,published,http://localhost:9000/static/1755183165499-Red%20T-shirt%20Mockup.jpeg,,,,,,,,,true,,2025-08-14T14:52:45.532Z,,,"http://localhost:9000/static/1755183165504-Abbigliamento%20Donna%20&%20Uomo,%20Compra%20Moda%20Online.jpeg",http://localhost:9000/static/1755183165505-starter.jpeg,http://localhost:9000/static/1755183165504-download%20(3).jpeg,,false,,sc_01K2D1RWPJVCSF6Z940Q9DF5SM,2025-08-14T14:52:45.532Z,variant_01K2MH3C425YJGC5XEPJMZAB26,White / XXL,,,,,,true,false,,2025-08-14T14:52:45.570Z,,,,,,Color,White,Size,XXL,,599,259,prod_01K2MH3C2TCN0G9PPQ5VRS27QD,2025-08-14T14:52:45.570Z,19,,
prod_01K2NZR7BBER6TWY1MYGADKVVK,t-shirt-2,T-Shirt #2,,This is a test product for testing purposes only and is not recommended for purchase.,published,"http://localhost:9000/static/1755232083194-Relax%20T-shirt,%20Vintage%20Shirt,%20Men's%20Women's%20Slogan%20T-shirt,%20Retro%20Saying%20Tee%20-%20Etsy.jpeg",,,,,,,,,true,,2025-08-15T04:28:03.334Z,,,"http://localhost:9000/static/1755232083194-Relax%20T-shirt,%20Vintage%20Shirt,%20Men's%20Women's%20Slogan%20T-shirt,%20Retro%20Saying%20Tee%20-%20Etsy.jpeg",http://localhost:9000/static/1755232083205-download%20(4).jpeg,http://localhost:9000/static/1755232083206-download%20(5).jpeg,,false,,sc_01K2D1RWPJVCSF6Z940Q9DF5SM,2025-08-15T04:28:03.334Z,variant_01K2NZR7N020DN9HAXJ1TMW2EP,White / S,,,,,,true,false,,2025-08-15T04:28:03.627Z,,,,,,Color,White,Size,S,,699,349,prod_01K2NZR7BBER6TWY1MYGADKVVK,2025-08-15T04:28:03.627Z,0,,
prod_01K2NZR7BBER6TWY1MYGADKVVK,t-shirt-2,T-Shirt #2,,This is a test product for testing purposes only and is not recommended for purchase.,published,"http://localhost:9000/static/1755232083194-Relax%20T-shirt,%20Vintage%20Shirt,%20Men's%20Women's%20Slogan%20T-shirt,%20Retro%20Saying%20Tee%20-%20Etsy.jpeg",,,,,,,,,true,,2025-08-15T04:28:03.334Z,,,"http://localhost:9000/static/1755232083194-Relax%20T-shirt,%20Vintage%20Shirt,%20Men's%20Women's%20Slogan%20T-shirt,%20Retro%20Saying%20Tee%20-%20Etsy.jpeg",http://localhost:9000/static/1755232083205-download%20(4).jpeg,http://localhost:9000/static/1755232083206-download%20(5).jpeg,,false,,sc_01K2D1RWPJVCSF6Z940Q9DF5SM,2025-08-15T04:28:03.334Z,variant_01K2NZR7N4S8F6BPNH7SZ1BED0,Black / S,,,,,,true,false,,2025-08-15T04:28:03.628Z,,,,,,Size,S,,,,699,349,prod_01K2NZR7BBER6TWY1MYGADKVVK,2025-08-15T04:28:03.628Z,1,,
prod_01K2NZR7BBER6TWY1MYGADKVVK,t-shirt-2,T-Shirt #2,,This is a test product for testing purposes only and is not recommended for purchase.,published,"http://localhost:9000/static/1755232083194-Relax%20T-shirt,%20Vintage%20Shirt,%20Men's%20Women's%20Slogan%20T-shirt,%20Retro%20Saying%20Tee%20-%20Etsy.jpeg",,,,,,,,,true,,2025-08-15T04:28:03.334Z,,,"http://localhost:9000/static/1755232083194-Relax%20T-shirt,%20Vintage%20Shirt,%20Men's%20Women's%20Slogan%20T-shirt,%20Retro%20Saying%20Tee%20-%20Etsy.jpeg",http://localhost:9000/static/1755232083205-download%20(4).jpeg,http://localhost:9000/static/1755232083206-download%20(5).jpeg,,false,,sc_01K2D1RWPJVCSF6Z940Q9DF5SM,2025-08-15T04:28:03.334Z,variant_01K2NZR7N5EET29TXZGP4Z9M4M,Dim Gray / S,,,,,,true,false,,2025-08-15T04:28:03.628Z,,,,,,Color,Dim Gray,Size,S,,699,349,prod_01K2NZR7BBER6TWY1MYGADKVVK,2025-08-15T04:28:03.628Z,2,,
prod_01K2NZR7BBER6TWY1MYGADKVVK,t-shirt-2,T-Shirt #2,,This is a test product for testing purposes only and is not recommended for purchase.,published,"http://localhost:9000/static/1755232083194-Relax%20T-shirt,%20Vintage%20Shirt,%20Men's%20Women's%20Slogan%20T-shirt,%20Retro%20Saying%20Tee%20-%20Etsy.jpeg",,,,,,,,,true,,2025-08-15T04:28:03.334Z,,,"http://localhost:9000/static/1755232083194-Relax%20T-shirt,%20Vintage%20Shirt,%20Men's%20Women's%20Slogan%20T-shirt,%20Retro%20Saying%20Tee%20-%20Etsy.jpeg",http://localhost:9000/static/1755232083205-download%20(4).jpeg,http://localhost:9000/static/1755232083206-download%20(5).jpeg,,false,,sc_01K2D1RWPJVCSF6Z940Q9DF5SM,2025-08-15T04:28:03.334Z,variant_01K2NZR7N6JE007ZMESZ3QJV33,White / M,,,,,,true,false,,2025-08-15T04:28:03.628Z,,,,,,Color,White,Size,M,,699,349,prod_01K2NZR7BBER6TWY1MYGADKVVK,2025-08-15T04:28:03.628Z,3,,
prod_01K2NZR7BBER6TWY1MYGADKVVK,t-shirt-2,T-Shirt #2,,This is a test product for testing purposes only and is not recommended for purchase.,published,"http://localhost:9000/static/1755232083194-Relax%20T-shirt,%20Vintage%20Shirt,%20Men's%20Women's%20Slogan%20T-shirt,%20Retro%20Saying%20Tee%20-%20Etsy.jpeg",,,,,,,,,true,,2025-08-15T04:28:03.334Z,,,"http://localhost:9000/static/1755232083194-Relax%20T-shirt,%20Vintage%20Shirt,%20Men's%20Women's%20Slogan%20T-shirt,%20Retro%20Saying%20Tee%20-%20Etsy.jpeg",http://localhost:9000/static/1755232083205-download%20(4).jpeg,http://localhost:9000/static/1755232083206-download%20(5).jpeg,,false,,sc_01K2D1RWPJVCSF6Z940Q9DF5SM,2025-08-15T04:28:03.334Z,variant_01K2NZR7N6FPPJTQ8D5M43RE53,Black / M,,,,,,true,false,,2025-08-15T04:28:03.629Z,,,,,,Size,M,,,,699,349,prod_01K2NZR7BBER6TWY1MYGADKVVK,2025-08-15T04:28:03.629Z,4,,
prod_01K2NZR7BBER6TWY1MYGADKVVK,t-shirt-2,T-Shirt #2,,This is a test product for testing purposes only and is not recommended for purchase.,published,"http://localhost:9000/static/1755232083194-Relax%20T-shirt,%20Vintage%20Shirt,%20Men's%20Women's%20Slogan%20T-shirt,%20Retro%20Saying%20Tee%20-%20Etsy.jpeg",,,,,,,,,true,,2025-08-15T04:28:03.334Z,,,"http://localhost:9000/static/1755232083194-Relax%20T-shirt,%20Vintage%20Shirt,%20Men's%20Women's%20Slogan%20T-shirt,%20Retro%20Saying%20Tee%20-%20Etsy.jpeg",http://localhost:9000/static/1755232083205-download%20(4).jpeg,http://localhost:9000/static/1755232083206-download%20(5).jpeg,,false,,sc_01K2D1RWPJVCSF6Z940Q9DF5SM,2025-08-15T04:28:03.334Z,variant_01K2NZR7N7DPR86V74EZ0XTXQV,Dim Gray / M,,,,,,true,false,,2025-08-15T04:28:03.629Z,,,,,,Color,Dim Gray,Size,M,,699,349,prod_01K2NZR7BBER6TWY1MYGADKVVK,2025-08-15T04:28:03.629Z,5,,
prod_01K2NZR7BBER6TWY1MYGADKVVK,t-shirt-2,T-Shirt #2,,This is a test product for testing purposes only and is not recommended for purchase.,published,"http://localhost:9000/static/1755232083194-Relax%20T-shirt,%20Vintage%20Shirt,%20Men's%20Women's%20Slogan%20T-shirt,%20Retro%20Saying%20Tee%20-%20Etsy.jpeg",,,,,,,,,true,,2025-08-15T04:28:03.334Z,,,"http://localhost:9000/static/1755232083194-Relax%20T-shirt,%20Vintage%20Shirt,%20Men's%20Women's%20Slogan%20T-shirt,%20Retro%20Saying%20Tee%20-%20Etsy.jpeg",http://localhost:9000/static/1755232083205-download%20(4).jpeg,http://localhost:9000/static/1755232083206-download%20(5).jpeg,,false,,sc_01K2D1RWPJVCSF6Z940Q9DF5SM,2025-08-15T04:28:03.334Z,variant_01K2NZR7N82WFDV60G0Z2Q18FN,White / L,,,,,,true,false,,2025-08-15T04:28:03.629Z,,,,,,Color,White,Size,L,,699,349,prod_01K2NZR7BBER6TWY1MYGADKVVK,2025-08-15T04:28:03.629Z,6,,
prod_01K2NZR7BBER6TWY1MYGADKVVK,t-shirt-2,T-Shirt #2,,This is a test product for testing purposes only and is not recommended for purchase.,published,"http://localhost:9000/static/1755232083194-Relax%20T-shirt,%20Vintage%20Shirt,%20Men's%20Women's%20Slogan%20T-shirt,%20Retro%20Saying%20Tee%20-%20Etsy.jpeg",,,,,,,,,true,,2025-08-15T04:28:03.334Z,,,"http://localhost:9000/static/1755232083194-Relax%20T-shirt,%20Vintage%20Shirt,%20Men's%20Women's%20Slogan%20T-shirt,%20Retro%20Saying%20Tee%20-%20Etsy.jpeg",http://localhost:9000/static/1755232083205-download%20(4).jpeg,http://localhost:9000/static/1755232083206-download%20(5).jpeg,,false,,sc_01K2D1RWPJVCSF6Z940Q9DF5SM,2025-08-15T04:28:03.334Z,variant_01K2NZR7N88F631STN5CVCFNZ7,Black / L,,,,,,true,false,,2025-08-15T04:28:03.631Z,,,,,,Size,L,,,,699,349,prod_01K2NZR7BBER6TWY1MYGADKVVK,2025-08-15T04:28:03.631Z,7,,
prod_01K2NZR7BBER6TWY1MYGADKVVK,t-shirt-2,T-Shirt #2,,This is a test product for testing purposes only and is not recommended for purchase.,published,"http://localhost:9000/static/1755232083194-Relax%20T-shirt,%20Vintage%20Shirt,%20Men's%20Women's%20Slogan%20T-shirt,%20Retro%20Saying%20Tee%20-%20Etsy.jpeg",,,,,,,,,true,,2025-08-15T04:28:03.334Z,,,"http://localhost:9000/static/1755232083194-Relax%20T-shirt,%20Vintage%20Shirt,%20Men's%20Women's%20Slogan%20T-shirt,%20Retro%20Saying%20Tee%20-%20Etsy.jpeg",http://localhost:9000/static/1755232083205-download%20(4).jpeg,http://localhost:9000/static/1755232083206-download%20(5).jpeg,,false,,sc_01K2D1RWPJVCSF6Z940Q9DF5SM,2025-08-15T04:28:03.334Z,variant_01K2NZR7N96VYVG9W83Z8JJN7J,Dim Gray / L,,,,,,true,false,,2025-08-15T04:28:03.632Z,,,,,,Color,Dim Gray,Size,L,,699,349,prod_01K2NZR7BBER6TWY1MYGADKVVK,2025-08-15T04:28:03.632Z,8,,
prod_01K2NZR7BBER6TWY1MYGADKVVK,t-shirt-2,T-Shirt #2,,This is a test product for testing purposes only and is not recommended for purchase.,published,"http://localhost:9000/static/1755232083194-Relax%20T-shirt,%20Vintage%20Shirt,%20Men's%20Women's%20Slogan%20T-shirt,%20Retro%20Saying%20Tee%20-%20Etsy.jpeg",,,,,,,,,true,,2025-08-15T04:28:03.334Z,,,"http://localhost:9000/static/1755232083194-Relax%20T-shirt,%20Vintage%20Shirt,%20Men's%20Women's%20Slogan%20T-shirt,%20Retro%20Saying%20Tee%20-%20Etsy.jpeg",http://localhost:9000/static/1755232083205-download%20(4).jpeg,http://localhost:9000/static/1755232083206-download%20(5).jpeg,,false,,sc_01K2D1RWPJVCSF6Z940Q9DF5SM,2025-08-15T04:28:03.334Z,variant_01K2NZR7N9SYM3SNHZWJ7Y775G,White / XL,,,,,,true,false,,2025-08-15T04:28:03.634Z,,,,,,Color,White,Size,XL,,699,349,prod_01K2NZR7BBER6TWY1MYGADKVVK,2025-08-15T04:28:03.634Z,9,,
prod_01K2NZR7BBER6TWY1MYGADKVVK,t-shirt-2,T-Shirt #2,,This is a test product for testing purposes only and is not recommended for purchase.,published,"http://localhost:9000/static/1755232083194-Relax%20T-shirt,%20Vintage%20Shirt,%20Men's%20Women's%20Slogan%20T-shirt,%20Retro%20Saying%20Tee%20-%20Etsy.jpeg",,,,,,,,,true,,2025-08-15T04:28:03.334Z,,,"http://localhost:9000/static/1755232083194-Relax%20T-shirt,%20Vintage%20Shirt,%20Men's%20Women's%20Slogan%20T-shirt,%20Retro%20Saying%20Tee%20-%20Etsy.jpeg",http://localhost:9000/static/1755232083205-download%20(4).jpeg,http://localhost:9000/static/1755232083206-download%20(5).jpeg,,false,,sc_01K2D1RWPJVCSF6Z940Q9DF5SM,2025-08-15T04:28:03.334Z,variant_01K2NZR7NA8BVC8YG5CMX90DF9,Black / XL,,,,,,true,false,,2025-08-15T04:28:03.636Z,,,,,,Size,XL,,,,699,349,prod_01K2NZR7BBER6TWY1MYGADKVVK,2025-08-15T04:28:03.636Z,10,,
prod_01K2NZR7BBER6TWY1MYGADKVVK,t-shirt-2,T-Shirt #2,,This is a test product for testing purposes only and is not recommended for purchase.,published,"http://localhost:9000/static/1755232083194-Relax%20T-shirt,%20Vintage%20Shirt,%20Men's%20Women's%20Slogan%20T-shirt,%20Retro%20Saying%20Tee%20-%20Etsy.jpeg",,,,,,,,,true,,2025-08-15T04:28:03.334Z,,,"http://localhost:9000/static/1755232083194-Relax%20T-shirt,%20Vintage%20Shirt,%20Men's%20Women's%20Slogan%20T-shirt,%20Retro%20Saying%20Tee%20-%20Etsy.jpeg",http://localhost:9000/static/1755232083205-download%20(4).jpeg,http://localhost:9000/static/1755232083206-download%20(5).jpeg,,false,,sc_01K2D1RWPJVCSF6Z940Q9DF5SM,2025-08-15T04:28:03.334Z,variant_01K2NZR7NA37GMSY8N5MF4C2XV,Dim Gray / XL,,,,,,true,false,,2025-08-15T04:28:03.636Z,,,,,,Color,Dim Gray,Size,XL,,699,349,prod_01K2NZR7BBER6TWY1MYGADKVVK,2025-08-15T04:28:03.636Z,11,,
prod_01K2NZVKRQGN11GMJGF4RC37TJ,t-shirt-3,T-Shirt #3,,This is a test product for testing purposes only and is not recommended for purchase.,published,http://localhost:9000/static/1755232194302-tom&jerry.jpeg,,,,,,,,,true,,2025-08-15T04:29:54.328Z,,,http://localhost:9000/static/1755232194302-tom&jerry.jpeg,,,,false,,sc_01K2D1RWPJVCSF6Z940Q9DF5SM,2025-08-15T04:29:54.328Z,variant_01K2NZVKTS1FZ7FAE58BCK5FD6,S,,,,,,true,false,,2025-08-15T04:29:54.396Z,,,,,,Size,S,,,,879,459,prod_01K2NZVKRQGN11GMJGF4RC37TJ,2025-08-15T04:29:54.396Z,0,,
prod_01K2NZVKRQGN11GMJGF4RC37TJ,t-shirt-3,T-Shirt #3,,This is a test product for testing purposes only and is not recommended for purchase.,published,http://localhost:9000/static/1755232194302-tom&jerry.jpeg,,,,,,,,,true,,2025-08-15T04:29:54.328Z,,,http://localhost:9000/static/1755232194302-tom&jerry.jpeg,,,,false,,sc_01K2D1RWPJVCSF6Z940Q9DF5SM,2025-08-15T04:29:54.328Z,variant_01K2NZVKTV3TXX6NA4QDG2H5NQ,M,,,,,,true,false,,2025-08-15T04:29:54.397Z,,,,,,Size,M,,,,879,459,prod_01K2NZVKRQGN11GMJGF4RC37TJ,2025-08-15T04:29:54.397Z,1,,
prod_01K2NZVKRQGN11GMJGF4RC37TJ,t-shirt-3,T-Shirt #3,,This is a test product for testing purposes only and is not recommended for purchase.,published,http://localhost:9000/static/1755232194302-tom&jerry.jpeg,,,,,,,,,true,,2025-08-15T04:29:54.328Z,,,http://localhost:9000/static/1755232194302-tom&jerry.jpeg,,,,false,,sc_01K2D1RWPJVCSF6Z940Q9DF5SM,2025-08-15T04:29:54.328Z,variant_01K2NZVKTWQPKR418W5E3VK1BN,L,,,,,,true,false,,2025-08-15T04:29:54.397Z,,,,,,Size,L,,,,879,459,prod_01K2NZVKRQGN11GMJGF4RC37TJ,2025-08-15T04:29:54.397Z,2,,
prod_01K2NZVKRQGN11GMJGF4RC37TJ,t-shirt-3,T-Shirt #3,,This is a test product for testing purposes only and is not recommended for purchase.,published,http://localhost:9000/static/1755232194302-tom&jerry.jpeg,,,,,,,,,true,,2025-08-15T04:29:54.328Z,,,http://localhost:9000/static/1755232194302-tom&jerry.jpeg,,,,false,,sc_01K2D1RWPJVCSF6Z940Q9DF5SM,2025-08-15T04:29:54.328Z,variant_01K2NZVKTWM98M8WKZHQFKMC7Y,XL,,,,,,true,false,,2025-08-15T04:29:54.397Z,,,,,,Size,XL,,,,879,459,prod_01K2NZVKRQGN11GMJGF4RC37TJ,2025-08-15T04:29:54.397Z,3,,
prod_01K2P00596XJ0K1JS3EECN9ZPF,shoes-1,Shoes #1,,This is a test product for testing purposes only and is not recommended for purchase.,published,http://localhost:9000/static/1755232343300-Men's%20shoes%20-%20Designer%20footwear%20collection.jpeg,,,,,,,,,true,,2025-08-15T04:32:23.337Z,,,http://localhost:9000/static/1755232343300-Men's%20shoes%20-%20Designer%20footwear%20collection.jpeg,,,,false,,sc_01K2D1RWPJVCSF6Z940Q9DF5SM,2025-08-15T04:32:23.337Z,variant_01K2P005B24NHTSD5YWZ4FGY0Y,5,,,,,,true,false,,2025-08-15T04:32:23.397Z,,,,,,Size,5,,,,1299,884,prod_01K2P00596XJ0K1JS3EECN9ZPF,2025-08-15T04:32:23.397Z,0,,
prod_01K2P00596XJ0K1JS3EECN9ZPF,shoes-1,Shoes #1,,This is a test product for testing purposes only and is not recommended for purchase.,published,http://localhost:9000/static/1755232343300-Men's%20shoes%20-%20Designer%20footwear%20collection.jpeg,,,,,,,,,true,,2025-08-15T04:32:23.337Z,,,http://localhost:9000/static/1755232343300-Men's%20shoes%20-%20Designer%20footwear%20collection.jpeg,,,,false,,sc_01K2D1RWPJVCSF6Z940Q9DF5SM,2025-08-15T04:32:23.337Z,variant_01K2P005B2V2JR84WFE65JZH05,6,,,,,,true,false,,2025-08-15T04:32:23.397Z,,,,,,Size,6,,,,1299,884,prod_01K2P00596XJ0K1JS3EECN9ZPF,2025-08-15T04:32:23.397Z,1,,
prod_01K2P00596XJ0K1JS3EECN9ZPF,shoes-1,Shoes #1,,This is a test product for testing purposes only and is not recommended for purchase.,published,http://localhost:9000/static/1755232343300-Men's%20shoes%20-%20Designer%20footwear%20collection.jpeg,,,,,,,,,true,,2025-08-15T04:32:23.337Z,,,http://localhost:9000/static/1755232343300-Men's%20shoes%20-%20Designer%20footwear%20collection.jpeg,,,,false,,sc_01K2D1RWPJVCSF6Z940Q9DF5SM,2025-08-15T04:32:23.337Z,variant_01K2P005B2Z8BCW5HHT1ZJ2M9R,7,,,,,,true,false,,2025-08-15T04:32:23.397Z,,,,,,Size,7,,,,1299,884,prod_01K2P00596XJ0K1JS3EECN9ZPF,2025-08-15T04:32:23.397Z,2,,
prod_01K2P00596XJ0K1JS3EECN9ZPF,shoes-1,Shoes #1,,This is a test product for testing purposes only and is not recommended for purchase.,published,http://localhost:9000/static/1755232343300-Men's%20shoes%20-%20Designer%20footwear%20collection.jpeg,,,,,,,,,true,,2025-08-15T04:32:23.337Z,,,http://localhost:9000/static/1755232343300-Men's%20shoes%20-%20Designer%20footwear%20collection.jpeg,,,,false,,sc_01K2D1RWPJVCSF6Z940Q9DF5SM,2025-08-15T04:32:23.337Z,variant_01K2P005B38E52G9KEYNJ2WXFF,8,,,,,,true,false,,2025-08-15T04:32:23.397Z,,,,,,Size,8,,,,1299,884,prod_01K2P00596XJ0K1JS3EECN9ZPF,2025-08-15T04:32:23.397Z,3,,
prod_01K2P00596XJ0K1JS3EECN9ZPF,shoes-1,Shoes #1,,This is a test product for testing purposes only and is not recommended for purchase.,published,http://localhost:9000/static/1755232343300-Men's%20shoes%20-%20Designer%20footwear%20collection.jpeg,,,,,,,,,true,,2025-08-15T04:32:23.337Z,,,http://localhost:9000/static/1755232343300-Men's%20shoes%20-%20Designer%20footwear%20collection.jpeg,,,,false,,sc_01K2D1RWPJVCSF6Z940Q9DF5SM,2025-08-15T04:32:23.337Z,variant_01K2P005B3D0BH4PKR8XDZK9BP,9,,,,,,true,false,,2025-08-15T04:32:23.397Z,,,,,,Size,9,,,,1299,884,prod_01K2P00596XJ0K1JS3EECN9ZPF,2025-08-15T04:32:23.397Z,4,,
prod_01K2P00596XJ0K1JS3EECN9ZPF,shoes-1,Shoes #1,,This is a test product for testing purposes only and is not recommended for purchase.,published,http://localhost:9000/static/1755232343300-Men's%20shoes%20-%20Designer%20footwear%20collection.jpeg,,,,,,,,,true,,2025-08-15T04:32:23.337Z,,,http://localhost:9000/static/1755232343300-Men's%20shoes%20-%20Designer%20footwear%20collection.jpeg,,,,false,,sc_01K2D1RWPJVCSF6Z940Q9DF5SM,2025-08-15T04:32:23.337Z,variant_01K2P005B3ZVYE4XJGV7VG6M35,10,,,,,,true,false,,2025-08-15T04:32:23.397Z,,,,,,Size,10,,,,1299,884,prod_01K2P00596XJ0K1JS3EECN9ZPF,2025-08-15T04:32:23.397Z,5,,
prod_01K2P00596XJ0K1JS3EECN9ZPF,shoes-1,Shoes #1,,This is a test product for testing purposes only and is not recommended for purchase.,published,http://localhost:9000/static/1755232343300-Men's%20shoes%20-%20Designer%20footwear%20collection.jpeg,,,,,,,,,true,,2025-08-15T04:32:23.337Z,,,http://localhost:9000/static/1755232343300-Men's%20shoes%20-%20Designer%20footwear%20collection.jpeg,,,,false,,sc_01K2D1RWPJVCSF6Z940Q9DF5SM,2025-08-15T04:32:23.337Z,variant_01K2P005B35FD1TDZ9YFR4GMR0,11,,,,,,true,false,,2025-08-15T04:32:23.397Z,,,,,,Size,11,,,,1299,884,prod_01K2P00596XJ0K1JS3EECN9ZPF,2025-08-15T04:32:23.397Z,6,,
prod_01K2P00596XJ0K1JS3EECN9ZPF,shoes-1,Shoes #1,,This is a test product for testing purposes only and is not recommended for purchase.,published,http://localhost:9000/static/1755232343300-Men's%20shoes%20-%20Designer%20footwear%20collection.jpeg,,,,,,,,,true,,2025-08-15T04:32:23.337Z,,,http://localhost:9000/static/1755232343300-Men's%20shoes%20-%20Designer%20footwear%20collection.jpeg,,,,false,,sc_01K2D1RWPJVCSF6Z940Q9DF5SM,2025-08-15T04:32:23.337Z,variant_01K2P005B401QH9YH5ZCZCB3Z0,12,,,,,,true,false,,2025-08-15T04:32:23.397Z,,,,,,Size,12,,,,1299,884,prod_01K2P00596XJ0K1JS3EECN9ZPF,2025-08-15T04:32:23.397Z,7,,
prod_01K2P00596XJ0K1JS3EECN9ZPF,shoes-1,Shoes #1,,This is a test product for testing purposes only and is not recommended for purchase.,published,http://localhost:9000/static/1755232343300-Men's%20shoes%20-%20Designer%20footwear%20collection.jpeg,,,,,,,,,true,,2025-08-15T04:32:23.337Z,,,http://localhost:9000/static/1755232343300-Men's%20shoes%20-%20Designer%20footwear%20collection.jpeg,,,,false,,sc_01K2D1RWPJVCSF6Z940Q9DF5SM,2025-08-15T04:32:23.337Z,variant_01K2P005B4SESW263MZCJXECK6,13,,,,,,true,false,,2025-08-15T04:32:23.397Z,,,,,,Size,13,,,,1299,884,prod_01K2P00596XJ0K1JS3EECN9ZPF,2025-08-15T04:32:23.397Z,8,,
prod_01K2P00596XJ0K1JS3EECN9ZPF,shoes-1,Shoes #1,,This is a test product for testing purposes only and is not recommended for purchase.,published,http://localhost:9000/static/1755232343300-Men's%20shoes%20-%20Designer%20footwear%20collection.jpeg,,,,,,,,,true,,2025-08-15T04:32:23.337Z,,,http://localhost:9000/static/1755232343300-Men's%20shoes%20-%20Designer%20footwear%20collection.jpeg,,,,false,,sc_01K2D1RWPJVCSF6Z940Q9DF5SM,2025-08-15T04:32:23.337Z,variant_01K2P005B4ZK8SFP47Y7BS3GF6,14,,,,,,true,false,,2025-08-15T04:32:23.397Z,,,,,,Size,14,,,,1299,884,prod_01K2P00596XJ0K1JS3EECN9ZPF,2025-08-15T04:32:23.397Z,9,,
prod_01K2P07WACHYB70M9K9EA7F9P9,shoes-2,Shoes #2,,This is a test product for testing purposes only and is not recommended for purchase.,published,http://localhost:9000/static/1755232596247-Mucho%20m%C3%83%C2%A1s%20que%20%C3%83%C2%A9xito%20es%20el%20que%20han%20tenido%20y%20tienen%20las%20nuevas%20zapatillas%20de%20Stradivarius%20de%20estilo%20retro%20sport.jpeg,,,,,,,,,true,,2025-08-15T04:36:36.305Z,,,http://localhost:9000/static/1755232596247-Mucho%20m%C3%83%C2%A1s%20que%20%C3%83%C2%A9xito%20es%20el%20que%20han%20tenido%20y%20tienen%20las%20nuevas%20zapatillas%20de%20Stradivarius%20de%20estilo%20retro%20sport.jpeg,,,,false,,sc_01K2D1RWPJVCSF6Z940Q9DF5SM,2025-08-15T04:36:36.305Z,variant_01K2P07WESM3VXP8X9JRA5P416,5,,,,,,true,false,,2025-08-15T04:36:36.452Z,,,,,,Size,5,,,,2499,1035,prod_01K2P07WACHYB70M9K9EA7F9P9,2025-08-15T04:36:36.452Z,0,,
prod_01K2P07WACHYB70M9K9EA7F9P9,shoes-2,Shoes #2,,This is a test product for testing purposes only and is not recommended for purchase.,published,http://localhost:9000/static/1755232596247-Mucho%20m%C3%83%C2%A1s%20que%20%C3%83%C2%A9xito%20es%20el%20que%20han%20tenido%20y%20tienen%20las%20nuevas%20zapatillas%20de%20Stradivarius%20de%20estilo%20retro%20sport.jpeg,,,,,,,,,true,,2025-08-15T04:36:36.305Z,,,http://localhost:9000/static/1755232596247-Mucho%20m%C3%83%C2%A1s%20que%20%C3%83%C2%A9xito%20es%20el%20que%20han%20tenido%20y%20tienen%20las%20nuevas%20zapatillas%20de%20Stradivarius%20de%20estilo%20retro%20sport.jpeg,,,,false,,sc_01K2D1RWPJVCSF6Z940Q9DF5SM,2025-08-15T04:36:36.305Z,variant_01K2P07WET0HVHGV3ZAAGCB04N,6,,,,,,true,false,,2025-08-15T04:36:36.452Z,,,,,,Size,6,,,,2499,1035,prod_01K2P07WACHYB70M9K9EA7F9P9,2025-08-15T04:36:36.452Z,1,,
prod_01K2P07WACHYB70M9K9EA7F9P9,shoes-2,Shoes #2,,This is a test product for testing purposes only and is not recommended for purchase.,published,http://localhost:9000/static/1755232596247-Mucho%20m%C3%83%C2%A1s%20que%20%C3%83%C2%A9xito%20es%20el%20que%20han%20tenido%20y%20tienen%20las%20nuevas%20zapatillas%20de%20Stradivarius%20de%20estilo%20retro%20sport.jpeg,,,,,,,,,true,,2025-08-15T04:36:36.305Z,,,http://localhost:9000/static/1755232596247-Mucho%20m%C3%83%C2%A1s%20que%20%C3%83%C2%A9xito%20es%20el%20que%20han%20tenido%20y%20tienen%20las%20nuevas%20zapatillas%20de%20Stradivarius%20de%20estilo%20retro%20sport.jpeg,,,,false,,sc_01K2D1RWPJVCSF6Z940Q9DF5SM,2025-08-15T04:36:36.305Z,variant_01K2P07WEVCR3Q0N6H8YM7EDD2,7,,,,,,true,false,,2025-08-15T04:36:36.452Z,,,,,,Size,7,,,,2499,1035,prod_01K2P07WACHYB70M9K9EA7F9P9,2025-08-15T04:36:36.452Z,2,,
prod_01K2P07WACHYB70M9K9EA7F9P9,shoes-2,Shoes #2,,This is a test product for testing purposes only and is not recommended for purchase.,published,http://localhost:9000/static/1755232596247-Mucho%20m%C3%83%C2%A1s%20que%20%C3%83%C2%A9xito%20es%20el%20que%20han%20tenido%20y%20tienen%20las%20nuevas%20zapatillas%20de%20Stradivarius%20de%20estilo%20retro%20sport.jpeg,,,,,,,,,true,,2025-08-15T04:36:36.305Z,,,http://localhost:9000/static/1755232596247-Mucho%20m%C3%83%C2%A1s%20que%20%C3%83%C2%A9xito%20es%20el%20que%20han%20tenido%20y%20tienen%20las%20nuevas%20zapatillas%20de%20Stradivarius%20de%20estilo%20retro%20sport.jpeg,,,,false,,sc_01K2D1RWPJVCSF6Z940Q9DF5SM,2025-08-15T04:36:36.305Z,variant_01K2P07WEWG0JXDMJAHDDE7AA4,8,,,,,,true,false,,2025-08-15T04:36:36.452Z,,,,,,Size,8,,,,2499,1035,prod_01K2P07WACHYB70M9K9EA7F9P9,2025-08-15T04:36:36.452Z,3,,
prod_01K2P07WACHYB70M9K9EA7F9P9,shoes-2,Shoes #2,,This is a test product for testing purposes only and is not recommended for purchase.,published,http://localhost:9000/static/1755232596247-Mucho%20m%C3%83%C2%A1s%20que%20%C3%83%C2%A9xito%20es%20el%20que%20han%20tenido%20y%20tienen%20las%20nuevas%20zapatillas%20de%20Stradivarius%20de%20estilo%20retro%20sport.jpeg,,,,,,,,,true,,2025-08-15T04:36:36.305Z,,,http://localhost:9000/static/1755232596247-Mucho%20m%C3%83%C2%A1s%20que%20%C3%83%C2%A9xito%20es%20el%20que%20han%20tenido%20y%20tienen%20las%20nuevas%20zapatillas%20de%20Stradivarius%20de%20estilo%20retro%20sport.jpeg,,,,false,,sc_01K2D1RWPJVCSF6Z940Q9DF5SM,2025-08-15T04:36:36.305Z,variant_01K2P07WEY8RSCXZF9JX66N11S,9,,,,,,true,false,,2025-08-15T04:36:36.452Z,,,,,,Size,9,,,,2499,1035,prod_01K2P07WACHYB70M9K9EA7F9P9,2025-08-15T04:36:36.452Z,4,,
prod_01K2P07WACHYB70M9K9EA7F9P9,shoes-2,Shoes #2,,This is a test product for testing purposes only and is not recommended for purchase.,published,http://localhost:9000/static/1755232596247-Mucho%20m%C3%83%C2%A1s%20que%20%C3%83%C2%A9xito%20es%20el%20que%20han%20tenido%20y%20tienen%20las%20nuevas%20zapatillas%20de%20Stradivarius%20de%20estilo%20retro%20sport.jpeg,,,,,,,,,true,,2025-08-15T04:36:36.305Z,,,http://localhost:9000/static/1755232596247-Mucho%20m%C3%83%C2%A1s%20que%20%C3%83%C2%A9xito%20es%20el%20que%20han%20tenido%20y%20tienen%20las%20nuevas%20zapatillas%20de%20Stradivarius%20de%20estilo%20retro%20sport.jpeg,,,,false,,sc_01K2D1RWPJVCSF6Z940Q9DF5SM,2025-08-15T04:36:36.305Z,variant_01K2P07WEZNKP1RYX3V0RPKMEP,10,,,,,,true,false,,2025-08-15T04:36:36.452Z,,,,,,Size,10,,,,2499,1035,prod_01K2P07WACHYB70M9K9EA7F9P9,2025-08-15T04:36:36.452Z,5,,
prod_01K2P07WACHYB70M9K9EA7F9P9,shoes-2,Shoes #2,,This is a test product for testing purposes only and is not recommended for purchase.,published,http://localhost:9000/static/1755232596247-Mucho%20m%C3%83%C2%A1s%20que%20%C3%83%C2%A9xito%20es%20el%20que%20han%20tenido%20y%20tienen%20las%20nuevas%20zapatillas%20de%20Stradivarius%20de%20estilo%20retro%20sport.jpeg,,,,,,,,,true,,2025-08-15T04:36:36.305Z,,,http://localhost:9000/static/1755232596247-Mucho%20m%C3%83%C2%A1s%20que%20%C3%83%C2%A9xito%20es%20el%20que%20han%20tenido%20y%20tienen%20las%20nuevas%20zapatillas%20de%20Stradivarius%20de%20estilo%20retro%20sport.jpeg,,,,false,,sc_01K2D1RWPJVCSF6Z940Q9DF5SM,2025-08-15T04:36:36.305Z,variant_01K2P07WF00GXQNX2XYK6FYGXC,11,,,,,,true,false,,2025-08-15T04:36:36.452Z,,,,,,Size,11,,,,2499,1035,prod_01K2P07WACHYB70M9K9EA7F9P9,2025-08-15T04:36:36.452Z,6,,
prod_01K2P07WACHYB70M9K9EA7F9P9,shoes-2,Shoes #2,,This is a test product for testing purposes only and is not recommended for purchase.,published,http://localhost:9000/static/1755232596247-Mucho%20m%C3%83%C2%A1s%20que%20%C3%83%C2%A9xito%20es%20el%20que%20han%20tenido%20y%20tienen%20las%20nuevas%20zapatillas%20de%20Stradivarius%20de%20estilo%20retro%20sport.jpeg,,,,,,,,,true,,2025-08-15T04:36:36.305Z,,,http://localhost:9000/static/1755232596247-Mucho%20m%C3%83%C2%A1s%20que%20%C3%83%C2%A9xito%20es%20el%20que%20han%20tenido%20y%20tienen%20las%20nuevas%20zapatillas%20de%20Stradivarius%20de%20estilo%20retro%20sport.jpeg,,,,false,,sc_01K2D1RWPJVCSF6Z940Q9DF5SM,2025-08-15T04:36:36.305Z,variant_01K2P07WF1VECJ22QD0C77JS7A,12,,,,,,true,false,,2025-08-15T04:36:36.452Z,,,,,,Size,12,,,,2499,1035,prod_01K2P07WACHYB70M9K9EA7F9P9,2025-08-15T04:36:36.452Z,7,,
prod_01K2P07WACHYB70M9K9EA7F9P9,shoes-2,Shoes #2,,This is a test product for testing purposes only and is not recommended for purchase.,published,http://localhost:9000/static/1755232596247-Mucho%20m%C3%83%C2%A1s%20que%20%C3%83%C2%A9xito%20es%20el%20que%20han%20tenido%20y%20tienen%20las%20nuevas%20zapatillas%20de%20Stradivarius%20de%20estilo%20retro%20sport.jpeg,,,,,,,,,true,,2025-08-15T04:36:36.305Z,,,http://localhost:9000/static/1755232596247-Mucho%20m%C3%83%C2%A1s%20que%20%C3%83%C2%A9xito%20es%20el%20que%20han%20tenido%20y%20tienen%20las%20nuevas%20zapatillas%20de%20Stradivarius%20de%20estilo%20retro%20sport.jpeg,,,,false,,sc_01K2D1RWPJVCSF6Z940Q9DF5SM,2025-08-15T04:36:36.305Z,variant_01K2P07WF2G3TATTNDXGMFKARV,13,,,,,,true,false,,2025-08-15T04:36:36.452Z,,,,,,Size,13,,,,2499,1035,prod_01K2P07WACHYB70M9K9EA7F9P9,2025-08-15T04:36:36.452Z,8,,
prod_01K2P07WACHYB70M9K9EA7F9P9,shoes-2,Shoes #2,,This is a test product for testing purposes only and is not recommended for purchase.,published,http://localhost:9000/static/1755232596247-Mucho%20m%C3%83%C2%A1s%20que%20%C3%83%C2%A9xito%20es%20el%20que%20han%20tenido%20y%20tienen%20las%20nuevas%20zapatillas%20de%20Stradivarius%20de%20estilo%20retro%20sport.jpeg,,,,,,,,,true,,2025-08-15T04:36:36.305Z,,,http://localhost:9000/static/1755232596247-Mucho%20m%C3%83%C2%A1s%20que%20%C3%83%C2%A9xito%20es%20el%20que%20han%20tenido%20y%20tienen%20las%20nuevas%20zapatillas%20de%20Stradivarius%20de%20estilo%20retro%20sport.jpeg,,,,false,,sc_01K2D1RWPJVCSF6Z940Q9DF5SM,2025-08-15T04:36:36.305Z,variant_01K2P07WF3FKV59RV69Y392V2M,14,,,,,,true,false,,2025-08-15T04:36:36.452Z,,,,,,Size,14,,,,2499,1035,prod_01K2P07WACHYB70M9K9EA7F9P9,2025-08-15T04:36:36.452Z,9,,
prod_01K2P0C3G4WPCXM39X532QRETG,hoodie,Hoodie,,This is a test product for testing purposes only and is not recommended for purchase.,published,http://localhost:9000/static/1755232734669-download%20(6).jpeg,,,,,,,,,true,,2025-08-15T04:38:54.729Z,,,http://localhost:9000/static/1755232734669-download%20(6).jpeg,http://localhost:9000/static/1755232734669-Homens%20Capuz%20Impress%C3%83%C2%A3o%20Floral%20Cord%C3%83%C2%A3o%C3%82%C2%A0_%C3%82%C2%A0SHEIN%C3%82%C2%A0Brasil.jpeg,http://localhost:9000/static/1755232734669-Men%20Solid%20Drawstring%20Pocket%20Detail%20Thermal%20Lined%20Sweatshirt.jpeg,http://localhost:9000/static/1755232734670-Men%20Kangaroo%20Pocket%20Drawstring%20Thermal%20Hoodie.jpeg,false,,sc_01K2D1RWPJVCSF6Z940Q9DF5SM,2025-08-15T04:38:54.729Z,variant_01K2P0C3K4WMW41BMRGWSV2F9X,Black / L,,,,,,true,false,,2025-08-15T04:38:54.825Z,,,,,,Color,Black,Size,L,,1099,448,prod_01K2P0C3G4WPCXM39X532QRETG,2025-08-15T04:38:54.825Z,0,,
prod_01K2P0C3G4WPCXM39X532QRETG,hoodie,Hoodie,,This is a test product for testing purposes only and is not recommended for purchase.,published,http://localhost:9000/static/1755232734669-download%20(6).jpeg,,,,,,,,,true,,2025-08-15T04:38:54.729Z,,,http://localhost:9000/static/1755232734669-download%20(6).jpeg,http://localhost:9000/static/1755232734669-Homens%20Capuz%20Impress%C3%83%C2%A3o%20Floral%20Cord%C3%83%C2%A3o%C3%82%C2%A0_%C3%82%C2%A0SHEIN%C3%82%C2%A0Brasil.jpeg,http://localhost:9000/static/1755232734669-Men%20Solid%20Drawstring%20Pocket%20Detail%20Thermal%20Lined%20Sweatshirt.jpeg,http://localhost:9000/static/1755232734670-Men%20Kangaroo%20Pocket%20Drawstring%20Thermal%20Hoodie.jpeg,false,,sc_01K2D1RWPJVCSF6Z940Q9DF5SM,2025-08-15T04:38:54.729Z,variant_01K2P0C3K4E4VWN4GT1JD8B159,Blue / L,,,,,,true,false,,2025-08-15T04:38:54.825Z,,,,,,Color,Blue,Size,L,,1099,448,prod_01K2P0C3G4WPCXM39X532QRETG,2025-08-15T04:38:54.825Z,1,,
prod_01K2P0C3G4WPCXM39X532QRETG,hoodie,Hoodie,,This is a test product for testing purposes only and is not recommended for purchase.,published,http://localhost:9000/static/1755232734669-download%20(6).jpeg,,,,,,,,,true,,2025-08-15T04:38:54.729Z,,,http://localhost:9000/static/1755232734669-download%20(6).jpeg,http://localhost:9000/static/1755232734669-Homens%20Capuz%20Impress%C3%83%C2%A3o%20Floral%20Cord%C3%83%C2%A3o%C3%82%C2%A0_%C3%82%C2%A0SHEIN%C3%82%C2%A0Brasil.jpeg,http://localhost:9000/static/1755232734669-Men%20Solid%20Drawstring%20Pocket%20Detail%20Thermal%20Lined%20Sweatshirt.jpeg,http://localhost:9000/static/1755232734670-Men%20Kangaroo%20Pocket%20Drawstring%20Thermal%20Hoodie.jpeg,false,,sc_01K2D1RWPJVCSF6Z940Q9DF5SM,2025-08-15T04:38:54.729Z,variant_01K2P0C3K4YHN5VTK7F3BZHYYR,Brown / L,,,,,,true,false,,2025-08-15T04:38:54.825Z,,,,,,Color,Brown,Size,L,,1099,448,prod_01K2P0C3G4WPCXM39X532QRETG,2025-08-15T04:38:54.825Z,2,,
prod_01K2P0C3G4WPCXM39X532QRETG,hoodie,Hoodie,,This is a test product for testing purposes only and is not recommended for purchase.,published,http://localhost:9000/static/1755232734669-download%20(6).jpeg,,,,,,,,,true,,2025-08-15T04:38:54.729Z,,,http://localhost:9000/static/1755232734669-download%20(6).jpeg,http://localhost:9000/static/1755232734669-Homens%20Capuz%20Impress%C3%83%C2%A3o%20Floral%20Cord%C3%83%C2%A3o%C3%82%C2%A0_%C3%82%C2%A0SHEIN%C3%82%C2%A0Brasil.jpeg,http://localhost:9000/static/1755232734669-Men%20Solid%20Drawstring%20Pocket%20Detail%20Thermal%20Lined%20Sweatshirt.jpeg,http://localhost:9000/static/1755232734670-Men%20Kangaroo%20Pocket%20Drawstring%20Thermal%20Hoodie.jpeg,false,,sc_01K2D1RWPJVCSF6Z940Q9DF5SM,2025-08-15T04:38:54.729Z,variant_01K2P0C3K5D9669FR0X3ND2BRH,Green / L,,,,,,true,false,,2025-08-15T04:38:54.825Z,,,,,,Color,Green,Size,L,,1099,448,prod_01K2P0C3G4WPCXM39X532QRETG,2025-08-15T04:38:54.825Z,3,,
prod_01K2P0C3G4WPCXM39X532QRETG,hoodie,Hoodie,,This is a test product for testing purposes only and is not recommended for purchase.,published,http://localhost:9000/static/1755232734669-download%20(6).jpeg,,,,,,,,,true,,2025-08-15T04:38:54.729Z,,,http://localhost:9000/static/1755232734669-download%20(6).jpeg,http://localhost:9000/static/1755232734669-Homens%20Capuz%20Impress%C3%83%C2%A3o%20Floral%20Cord%C3%83%C2%A3o%C3%82%C2%A0_%C3%82%C2%A0SHEIN%C3%82%C2%A0Brasil.jpeg,http://localhost:9000/static/1755232734669-Men%20Solid%20Drawstring%20Pocket%20Detail%20Thermal%20Lined%20Sweatshirt.jpeg,http://localhost:9000/static/1755232734670-Men%20Kangaroo%20Pocket%20Drawstring%20Thermal%20Hoodie.jpeg,false,,sc_01K2D1RWPJVCSF6Z940Q9DF5SM,2025-08-15T04:38:54.729Z,variant_01K2P0C3K5ED12VWMMSK32TBFX,Black / XL,,,,,,true,false,,2025-08-15T04:38:54.825Z,,,,,,Color,Black,Size,XL,,1099,448,prod_01K2P0C3G4WPCXM39X532QRETG,2025-08-15T04:38:54.825Z,4,,
prod_01K2P0C3G4WPCXM39X532QRETG,hoodie,Hoodie,,This is a test product for testing purposes only and is not recommended for purchase.,published,http://localhost:9000/static/1755232734669-download%20(6).jpeg,,,,,,,,,true,,2025-08-15T04:38:54.729Z,,,http://localhost:9000/static/1755232734669-download%20(6).jpeg,http://localhost:9000/static/1755232734669-Homens%20Capuz%20Impress%C3%83%C2%A3o%20Floral%20Cord%C3%83%C2%A3o%C3%82%C2%A0_%C3%82%C2%A0SHEIN%C3%82%C2%A0Brasil.jpeg,http://localhost:9000/static/1755232734669-Men%20Solid%20Drawstring%20Pocket%20Detail%20Thermal%20Lined%20Sweatshirt.jpeg,http://localhost:9000/static/1755232734670-Men%20Kangaroo%20Pocket%20Drawstring%20Thermal%20Hoodie.jpeg,false,,sc_01K2D1RWPJVCSF6Z940Q9DF5SM,2025-08-15T04:38:54.729Z,variant_01K2P0C3K5NSM4788K5YMABMHC,Blue / XL,,,,,,true,false,,2025-08-15T04:38:54.825Z,,,,,,Color,Blue,Size,XL,,1099,448,prod_01K2P0C3G4WPCXM39X532QRETG,2025-08-15T04:38:54.825Z,5,,
prod_01K2P0C3G4WPCXM39X532QRETG,hoodie,Hoodie,,This is a test product for testing purposes only and is not recommended for purchase.,published,http://localhost:9000/static/1755232734669-download%20(6).jpeg,,,,,,,,,true,,2025-08-15T04:38:54.729Z,,,http://localhost:9000/static/1755232734669-download%20(6).jpeg,http://localhost:9000/static/1755232734669-Homens%20Capuz%20Impress%C3%83%C2%A3o%20Floral%20Cord%C3%83%C2%A3o%C3%82%C2%A0_%C3%82%C2%A0SHEIN%C3%82%C2%A0Brasil.jpeg,http://localhost:9000/static/1755232734669-Men%20Solid%20Drawstring%20Pocket%20Detail%20Thermal%20Lined%20Sweatshirt.jpeg,http://localhost:9000/static/1755232734670-Men%20Kangaroo%20Pocket%20Drawstring%20Thermal%20Hoodie.jpeg,false,,sc_01K2D1RWPJVCSF6Z940Q9DF5SM,2025-08-15T04:38:54.729Z,variant_01K2P0C3K6TJS7KBB42HTRZPZ9,Brown / XL,,,,,,true,false,,2025-08-15T04:38:54.825Z,,,,,,Color,Brown,Size,XL,,1099,448,prod_01K2P0C3G4WPCXM39X532QRETG,2025-08-15T04:38:54.825Z,6,,
prod_01K2P0C3G4WPCXM39X532QRETG,hoodie,Hoodie,,This is a test product for testing purposes only and is not recommended for purchase.,published,http://localhost:9000/static/1755232734669-download%20(6).jpeg,,,,,,,,,true,,2025-08-15T04:38:54.729Z,,,http://localhost:9000/static/1755232734669-download%20(6).jpeg,http://localhost:9000/static/1755232734669-Homens%20Capuz%20Impress%C3%83%C2%A3o%20Floral%20Cord%C3%83%C2%A3o%C3%82%C2%A0_%C3%82%C2%A0SHEIN%C3%82%C2%A0Brasil.jpeg,http://localhost:9000/static/1755232734669-Men%20Solid%20Drawstring%20Pocket%20Detail%20Thermal%20Lined%20Sweatshirt.jpeg,http://localhost:9000/static/1755232734670-Men%20Kangaroo%20Pocket%20Drawstring%20Thermal%20Hoodie.jpeg,false,,sc_01K2D1RWPJVCSF6Z940Q9DF5SM,2025-08-15T04:38:54.729Z,variant_01K2P0C3K64WS0HHEGY4KHHYMK,Green / XL,,,,,,true,false,,2025-08-15T04:38:54.825Z,,,,,,Color,Green,Size,XL,,1099,448,prod_01K2P0C3G4WPCXM39X532QRETG,2025-08-15T04:38:54.825Z,7,,
prod_01K2P0C3G4WPCXM39X532QRETG,hoodie,Hoodie,,This is a test product for testing purposes only and is not recommended for purchase.,published,http://localhost:9000/static/1755232734669-download%20(6).jpeg,,,,,,,,,true,,2025-08-15T04:38:54.729Z,,,http://localhost:9000/static/1755232734669-download%20(6).jpeg,http://localhost:9000/static/1755232734669-Homens%20Capuz%20Impress%C3%83%C2%A3o%20Floral%20Cord%C3%83%C2%A3o%C3%82%C2%A0_%C3%82%C2%A0SHEIN%C3%82%C2%A0Brasil.jpeg,http://localhost:9000/static/1755232734669-Men%20Solid%20Drawstring%20Pocket%20Detail%20Thermal%20Lined%20Sweatshirt.jpeg,http://localhost:9000/static/1755232734670-Men%20Kangaroo%20Pocket%20Drawstring%20Thermal%20Hoodie.jpeg,false,,sc_01K2D1RWPJVCSF6Z940Q9DF5SM,2025-08-15T04:38:54.729Z,variant_01K2P0C3K7HD8C3NRBSMRPRKSY,Black / XXL,,,,,,true,false,,2025-08-15T04:38:54.825Z,,,,,,Color,Black,Size,XXL,,1099,448,prod_01K2P0C3G4WPCXM39X532QRETG,2025-08-15T04:38:54.825Z,8,,
prod_01K2P0C3G4WPCXM39X532QRETG,hoodie,Hoodie,,This is a test product for testing purposes only and is not recommended for purchase.,published,http://localhost:9000/static/1755232734669-download%20(6).jpeg,,,,,,,,,true,,2025-08-15T04:38:54.729Z,,,http://localhost:9000/static/1755232734669-download%20(6).jpeg,http://localhost:9000/static/1755232734669-Homens%20Capuz%20Impress%C3%83%C2%A3o%20Floral%20Cord%C3%83%C2%A3o%C3%82%C2%A0_%C3%82%C2%A0SHEIN%C3%82%C2%A0Brasil.jpeg,http://localhost:9000/static/1755232734669-Men%20Solid%20Drawstring%20Pocket%20Detail%20Thermal%20Lined%20Sweatshirt.jpeg,http://localhost:9000/static/1755232734670-Men%20Kangaroo%20Pocket%20Drawstring%20Thermal%20Hoodie.jpeg,false,,sc_01K2D1RWPJVCSF6Z940Q9DF5SM,2025-08-15T04:38:54.729Z,variant_01K2P0C3K7SMVFCKCJ5FSXCX4Q,Blue / XXL,,,,,,true,false,,2025-08-15T04:38:54.825Z,,,,,,Color,Blue,Size,XXL,,1099,448,prod_01K2P0C3G4WPCXM39X532QRETG,2025-08-15T04:38:54.825Z,9,,
prod_01K2P0C3G4WPCXM39X532QRETG,hoodie,Hoodie,,This is a test product for testing purposes only and is not recommended for purchase.,published,http://localhost:9000/static/1755232734669-download%20(6).jpeg,,,,,,,,,true,,2025-08-15T04:38:54.729Z,,,http://localhost:9000/static/1755232734669-download%20(6).jpeg,http://localhost:9000/static/1755232734669-Homens%20Capuz%20Impress%C3%83%C2%A3o%20Floral%20Cord%C3%83%C2%A3o%C3%82%C2%A0_%C3%82%C2%A0SHEIN%C3%82%C2%A0Brasil.jpeg,http://localhost:9000/static/1755232734669-Men%20Solid%20Drawstring%20Pocket%20Detail%20Thermal%20Lined%20Sweatshirt.jpeg,http://localhost:9000/static/1755232734670-Men%20Kangaroo%20Pocket%20Drawstring%20Thermal%20Hoodie.jpeg,false,,sc_01K2D1RWPJVCSF6Z940Q9DF5SM,2025-08-15T04:38:54.729Z,variant_01K2P0C3K7C520E00RGXSKRFE0,Brown / XXL,,,,,,true,false,,2025-08-15T04:38:54.825Z,,,,,,Color,Brown,Size,XXL,,1099,448,prod_01K2P0C3G4WPCXM39X532QRETG,2025-08-15T04:38:54.825Z,10,,
prod_01K2P0C3G4WPCXM39X532QRETG,hoodie,Hoodie,,This is a test product for testing purposes only and is not recommended for purchase.,published,http://localhost:9000/static/1755232734669-download%20(6).jpeg,,,,,,,,,true,,2025-08-15T04:38:54.729Z,,,http://localhost:9000/static/1755232734669-download%20(6).jpeg,http://localhost:9000/static/1755232734669-Homens%20Capuz%20Impress%C3%83%C2%A3o%20Floral%20Cord%C3%83%C2%A3o%C3%82%C2%A0_%C3%82%C2%A0SHEIN%C3%82%C2%A0Brasil.jpeg,http://localhost:9000/static/1755232734669-Men%20Solid%20Drawstring%20Pocket%20Detail%20Thermal%20Lined%20Sweatshirt.jpeg,http://localhost:9000/static/1755232734670-Men%20Kangaroo%20Pocket%20Drawstring%20Thermal%20Hoodie.jpeg,false,,sc_01K2D1RWPJVCSF6Z940Q9DF5SM,2025-08-15T04:38:54.729Z,variant_01K2P0C3K8D1WNAWPA11V0DWGN,Green / XXL,,,,,,true,false,,2025-08-15T04:38:54.825Z,,,,,,Color,Green,Size,XXL,,1099,448,prod_01K2P0C3G4WPCXM39X532QRETG,2025-08-15T04:38:54.825Z,11,,
prod_01K2P0FDKY6GDY4NNB5Y76RRHD,scrunchies-1,Scrunchies #1,,This is a test product for testing purposes only and is not recommended for purchase.,published,http://localhost:9000/static/1755232843359-25%20quick%20and%20easy%20Sewing%20projects%20for%20beginners%20-%20Anuri's%20Journey.jpeg,,,,,,,,,true,,2025-08-15T04:40:43.394Z,,,http://localhost:9000/static/1755232843359-25%20quick%20and%20easy%20Sewing%20projects%20for%20beginners%20-%20Anuri's%20Journey.jpeg,,,,false,,sc_01K2D1RWPJVCSF6Z940Q9DF5SM,2025-08-15T04:40:43.394Z,variant_01K2P0FDQEGYVPEHMFSM9W5MSR,Default variant,,,,,,true,false,,2025-08-15T04:40:43.514Z,,,,,,Default option,Default option value,,,,799,142,prod_01K2P0FDKY6GDY4NNB5Y76RRHD,2025-08-15T04:40:43.514Z,0,,
prod_01K2P0H2WQ1VGVWRVCVSVVQ42A,scrunchies-2,Scrunchies #2,,This is a test product for testing purposes only and is not recommended for purchase.,published,http://localhost:9000/static/1755232897921-Petrarka%20Accessory%20_%20Satin%20Scrunchie.jpeg,,,,,,,,,true,,2025-08-15T04:41:37.945Z,,,http://localhost:9000/static/1755232897921-Petrarka%20Accessory%20_%20Satin%20Scrunchie.jpeg,,,,false,,sc_01K2D1RWPJVCSF6Z940Q9DF5SM,2025-08-15T04:41:37.945Z,variant_01K2P0H2YYJHRN0CEDMNDB98KE,Default variant,,,,,,true,false,,2025-08-15T04:41:38.015Z,,,,,,Default option,Default option value,,,,699,149,prod_01K2P0H2WQ1VGVWRVCVSVVQ42A,2025-08-15T04:41:38.015Z,0,,
prod_01K2P0JK4RG7E0MJ485H8PNDAP,scrunchies-3,Scrunchies #3,,This is a test product for testing purposes only and is not recommended for purchase.,published,http://localhost:9000/static/1755232947330-download%20(7).jpeg,,,,,,,,,true,,2025-08-15T04:42:27.353Z,,,http://localhost:9000/static/1755232947330-download%20(7).jpeg,,,,false,,sc_01K2D1RWPJVCSF6Z940Q9DF5SM,2025-08-15T04:42:27.353Z,variant_01K2P0JK64TYYTZQ4K57JGMT0A,Default variant,,,,,,true,false,,2025-08-15T04:42:27.396Z,,,,,,Default option,Default option value,,,,450,193,prod_01K2P0JK4RG7E0MJ485H8PNDAP,2025-08-15T04:42:27.396Z,0,,
prod_01K2P0MCBT18K3VJSHH9EMBF77,necklace-1,Necklace #1,,This is a test product for testing purposes only and is not recommended for purchase.,published,http://localhost:9000/static/1755233005927-download%20(8).jpeg,,,,,,,,,true,,2025-08-15T04:43:25.947Z,,,http://localhost:9000/static/1755233005927-download%20(8).jpeg,,,,false,,sc_01K2D1RWPJVCSF6Z940Q9DF5SM,2025-08-15T04:43:25.947Z,variant_01K2P0MCDFXE287P4TG0PCGAHX,Default variant,,,,,,true,false,,2025-08-15T04:43:26.000Z,,,,,,Default option,Default option value,,,,369,169,prod_01K2P0MCBT18K3VJSHH9EMBF77,2025-08-15T04:43:26.000Z,0,,
prod_01K2P0NMPH01ZPYZJ7QKJ9ZMAD,necklace-2,Necklace #2,,This is a test product for testing purposes only and is not recommended for purchase.,published,http://localhost:9000/static/1755233047234-Colar%20de%20Pingente%20de%20Borboleta%20de%20Zirc%C3%83%C2%A3o.jpeg,,,,,,,,,true,,2025-08-15T04:44:07.252Z,,,http://localhost:9000/static/1755233047234-Colar%20de%20Pingente%20de%20Borboleta%20de%20Zirc%C3%83%C2%A3o.jpeg,,,,false,,sc_01K2D1RWPJVCSF6Z940Q9DF5SM,2025-08-15T04:44:07.252Z,variant_01K2P0NMR7EZ7XWJHF2XY14R49,Default variant,,,,,,true,false,,2025-08-15T04:44:07.303Z,,,,,,Default option,Default option value,,,,579,145,prod_01K2P0NMPH01ZPYZJ7QKJ9ZMAD,2025-08-15T04:44:07.303Z,0,,
prod_01K2P0Q9ZHVDVZBKG0NQR1F7YY,earrings-1,Earrings #1,,This is a test product for testing purposes only and is not recommended for purchase.,published,http://localhost:9000/static/1755233101767-download%20(9).jpeg,,,,,,,,,true,,2025-08-15T04:45:01.813Z,,,http://localhost:9000/static/1755233101767-download%20(9).jpeg,,,,false,,sc_01K2D1RWPJVCSF6Z940Q9DF5SM,2025-08-15T04:45:01.814Z,variant_01K2P0QA1P4EP302HER7QNDN63,Default variant,,,,,,true,false,,2025-08-15T04:45:01.879Z,,,,,,Default option,Default option value,,,,445,139,prod_01K2P0Q9ZHVDVZBKG0NQR1F7YY,2025-08-15T04:45:01.879Z,0,,
prod_01K2P0RD61GB0YK0PTFGA6GJTB,earrings-2,Earrings #2,,This is a test product for testing purposes only and is not recommended for purchase.,published,http://localhost:9000/static/1755233137843-Crystal%20Drop%20Earrings.jpeg,,,,,,,,,true,,2025-08-15T04:45:37.858Z,,,http://localhost:9000/static/1755233137843-Crystal%20Drop%20Earrings.jpeg,,,,false,,sc_01K2D1RWPJVCSF6Z940Q9DF5SM,2025-08-15T04:45:37.858Z,variant_01K2P0RD7BAWH0KE7R5JGD3WS9,Default variant,,,,,,true,false,,2025-08-15T04:45:37.899Z,,,,,,Default option,Default option value,,,,569,149,prod_01K2P0RD61GB0YK0PTFGA6GJTB,2025-08-15T04:45:37.899Z,0,,
prod_01K2P0SEP07ZGG128DVM6APJVD,earrings-3,Earrings #3,,This is a test product for testing purposes only and is not recommended for purchase.,published,http://localhost:9000/static/1755233172137-party%20wear%20earrings.jpeg,,,,,,,,,true,,2025-08-15T04:46:12.161Z,,,http://localhost:9000/static/1755233172137-party%20wear%20earrings.jpeg,,,,false,,sc_01K2D1RWPJVCSF6Z940Q9DF5SM,2025-08-15T04:46:12.161Z,variant_01K2P0SEQDZV42765Q023PAH9F,Default variant,,,,,,true,false,,2025-08-15T04:46:12.205Z,,,,,,Default option,Default option value,,,,465,133,prod_01K2P0SEP07ZGG128DVM6APJVD,2025-08-15T04:46:12.205Z,0,,
prod_01K2P0TMXD6G47FAQKCDEPEPRY,purse-1,Purse #1,,This is a test product for testing purposes only and is not recommended for purchase.,published,http://localhost:9000/static/1755233211265-Les%20meilleurs%20sacs%20%C3%83%C2%A0%20main.jpeg,,,,,,,,,true,,2025-08-15T04:46:51.319Z,,,http://localhost:9000/static/1755233211265-Les%20meilleurs%20sacs%20%C3%83%C2%A0%20main.jpeg,,,,false,,sc_01K2D1RWPJVCSF6Z940Q9DF5SM,2025-08-15T04:46:51.319Z,variant_01K2P0TN3Q87T8BJ2F2NEFJ745,Default variant,,,,,,true,false,,2025-08-15T04:46:51.512Z,,,,,,Default option,Default option value,,,,799,349,prod_01K2P0TMXD6G47FAQKCDEPEPRY,2025-08-15T04:46:51.512Z,0,,
prod_01K2P0WVN8HJ052F7A76K004BT,purse-2,Purse #2,,This is a test product for testing purposes only and is not recommended for purchase.,published,http://localhost:9000/static/1755233283732-download%20(10).jpeg,,,,,,,,,true,,2025-08-15T04:48:03.753Z,,,http://localhost:9000/static/1755233283732-download%20(10).jpeg,,,,false,,sc_01K2D1RWPJVCSF6Z940Q9DF5SM,2025-08-15T04:48:03.753Z,variant_01K2P0WVQ2033H8JY33SHY7H16,Default variant,,,,,,true,false,,2025-08-15T04:48:03.811Z,,,,,,Default option,Default option value,,,,799,446,prod_01K2P0WVN8HJ052F7A76K004BT,2025-08-15T04:48:03.811Z,0,,
prod_01K2P0Y9JVJD7VVWE3FZ7EZASW,handmade-1,Handmade #1,,This is a test product for testing purposes only and is not recommended for purchase.,published,http://localhost:9000/static/1755233330754-download%20(13).jpeg,,,,,,,,,true,,2025-08-15T04:48:50.780Z,,,http://localhost:9000/static/1755233330754-download%20(13).jpeg,,,,false,,sc_01K2D1RWPJVCSF6Z940Q9DF5SM,2025-08-15T04:48:50.780Z,variant_01K2P0Y9M32DX25CSTCF8WVY9D,Default variant,,,,,,true,false,,2025-08-15T04:48:50.819Z,,,,,,Default option,Default option value,,,,299,129,prod_01K2P0Y9JVJD7VVWE3FZ7EZASW,2025-08-15T04:48:50.819Z,0,,
prod_01K2P0ZNBV523KXRGMTEZEDETB,handmade-2,Handmade #2,,This is a test product for testing purposes only and is not recommended for purchase.,published,http://localhost:9000/static/1755233375569-download%20(12).jpeg,,,,,,,,,true,,2025-08-15T04:49:35.613Z,,,http://localhost:9000/static/1755233375569-download%20(12).jpeg,,,,false,,sc_01K2D1RWPJVCSF6Z940Q9DF5SM,2025-08-15T04:50:05.119Z,variant_01K2P0ZND14YWGF01B47PCFTXS,Default variant,,,,,,true,false,,2025-08-15T04:49:35.649Z,,,,,,Default option,Default option value,,,,328,99,prod_01K2P0ZNBV523KXRGMTEZEDETB,2025-08-15T04:49:35.649Z,0,,
prod_01K2P11XGRR39CHBDZ9VT1P9D4,handmade-3,Handmade #3,,This is a test product for testing purposes only and is not recommended for purchase.,published,http://localhost:9000/static/1755233449483-Mini%20%C3%83%C2%B6rg%C3%83%C2%BC%20%C3%83%C2%A7i%C3%83%C2%A7ek%20buketi%20anahtarl%C3%84%C2%B1klar%20%C3%B0%C2%9F%C2%8E%C2%80.jpeg,,,,,,,,,true,,2025-08-15T04:50:49.497Z,,,http://localhost:9000/static/1755233449483-Mini%20%C3%83%C2%B6rg%C3%83%C2%BC%20%C3%83%C2%A7i%C3%83%C2%A7ek%20buketi%20anahtarl%C3%84%C2%B1klar%20%C3%B0%C2%9F%C2%8E%C2%80.jpeg,,,,false,,sc_01K2D1RWPJVCSF6Z940Q9DF5SM,2025-08-15T04:50:49.497Z,variant_01K2P11XJ79JR868VFCDJHZJC4,Default variant,,,,,,true,false,,2025-08-15T04:50:49.543Z,,,,,,Default option,Default option value,,,,459,199,prod_01K2P11XGRR39CHBDZ9VT1P9D4,2025-08-15T04:50:49.543Z,0,,